Issue Key,Issue Type,Task,What to build,Area,Priority,Status,Depends on,Done when,Useful files
FOLIO-S001,Epic,Folio app setup,Set up the main Folio application structure,Foundation,High,Planned,None,The app runs locally and the main screens are easy to reach,README.md; docs/DEVELOPMENT.md
FOLIO-S002,Task,Navigation and sidebar,Build the desktop sidebar and mobile navigation,Frontend,High,Done,None,Users can move between Dashboard Documents Ask Deadlines and Security without layout problems,frontend/src/components/FolioApp.tsx; frontend/app/globals.css
FOLIO-S003,Task,Dashboard screen,Build the dashboard with document counts upcoming deadlines recent documents and quick actions,Frontend,High,Done,FOLIO-S002,Dashboard shows useful empty loading and error states,frontend/src/components/FolioApp.tsx
FOLIO-S004,Task,Document list screen,Build the document vault list with cards categories dates confidence and status,Frontend,High,Done,FOLIO-S002,Users can see their documents and an empty state when there are none,frontend/src/components/FolioApp.tsx
FOLIO-S005,Task,Document filters,Add filters for document type processing status date and confidence,Frontend,Medium,Planned,FOLIO-S004,FILTERS change the displayed documents correctly,frontend/src/components/FolioApp.tsx
FOLIO-S006,Task,Document detail screen,Build the page that shows a document summary entities source preview OCR and JSON,Frontend,High,Planned,FOLIO-S004,Users can open a document and switch between its detail tabs,frontend/src/components/FolioApp.tsx
FOLIO-S007,Task,Source evidence display,Show the page or passage that supports every extracted fact,Frontend,High,Planned,FOLIO-S006,Every value has source evidence or clearly says evidence is unavailable,frontend/src/components/FolioApp.tsx
FOLIO-S008,Task,Upload document window,Build the upload window with title category file selection and progress,Frontend,High,Planned,FOLIO-S004,Users receive clear success error retry and processing messages,frontend/src/components/FolioApp.tsx
FOLIO-S009,Task,Ask Folio screen,Build the question screen with question input suggestions answers and citations,Frontend,High,Planned,FOLIO-S002,Users can ask a question and see its sources,frontend/src/components/FolioApp.tsx
FOLIO-S010,Task,Deadline screen,Build the deadlines timeline with urgency source document and completion action,Frontend,Medium,Planned,FOLIO-S002,Users can see upcoming overdue completed and uncertain deadlines,frontend/src/components/FolioApp.tsx
FOLIO-S011,Task,Security screen,Build the security page with sharing controls audit search and export button,Frontend,High,Planned,FOLIO-S002,Users can view security information and search audit activity,frontend/src/components/FolioApp.tsx
FOLIO-S012,Task,Mobile and accessibility check,Check keyboard use screen readers contrast focus and small screens,Frontend,High,Planned,FOLIO-S002,Main journeys work at mobile width without horizontal scrolling,frontend/app/globals.css; docs/DEVELOPMENT.md
FOLIO-S013,Epic,Login and users,Allow students to sign in securely and give each user their own account,Backend,Highest,Planned,None,Valid users can sign in and users cannot see another user's information,docs/PRD.md; docs/BACKEND.md
FOLIO-S014,Task,Connect Eduvos login,Connect the backend to Eduvos OIDC login,Backend,Highest,Planned,None,The backend accepts valid Eduvos tokens and rejects invalid tokens,backend/pom.xml; backend/src/main/resources/application.yml
FOLIO-S015,Task,Create user account record,Save a local user record the first time they sign in,Backend,Highest,Planned,FOLIO-S014,A user is created from their OIDC subject and duplicate accounts are not created,docs/BACKEND.md
FOLIO-S016,Task,Add logout and session expiry,Handle logout expired sessions and failed login callbacks,Backend,High,Planned,FOLIO-S014,Expired or logged-out sessions cannot access protected pages,docs/PRD.md; frontend/app
FOLIO-S017,Task,Add login tests,Test valid login wrong issuer wrong audience expired token and missing user ID,Testing,High,Planned,FOLIO-S014,All login tests pass without real credentials,docs/DEVELOPMENT.md
FOLIO-S018,Epic,Document database,Store document information and processing results in PostgreSQL,Backend,Highest,Planned,FOLIO-S015,Documents users deadlines questions and audit records can be saved and loaded,docs/BACKEND.md; docs/ROADMAP.md
FOLIO-S019,Task,Create document tables,Create database tables for users documents versions and processing attempts,Database,Highest,Planned,FOLIO-S015,Tables store owner file name type size checksum status and dates,docs/BACKEND.md
FOLIO-S020,Task,Create extracted data tables,Create tables for extracted facts document text chunks and source locations,Database,High,Planned,FOLIO-S019,Each extracted fact points to its document page and processing version,docs/BACKEND.md
FOLIO-S021,Task,Create deadline and question tables,Create tables for deadlines questions answers and citations,Database,High,Planned,FOLIO-S019,Deadlines and answers can be linked back to their source documents,docs/BACKEND.md
FOLIO-S022,Task,Create consent and audit tables,Create tables for sharing permissions consent history and audit events,Database,Highest,Planned,FOLIO-S019,Consent has recipient purpose expiry and revocation information,docs/PRD.md
FOLIO-S023,Task,Document ownership queries,Make sure database queries only return documents the current user may see,Backend,Highest,Planned,FOLIO-S019,Two test users cannot see each other's documents,docs/BACKEND.md
FOLIO-S024,Task,Document API list and detail,Build APIs to list documents and open one document,Backend,High,Planned,FOLIO-S023,The API supports paging filters and safe not-found responses,backend/src/main/java/za/co/folio/api/DocumentController.java
FOLIO-S025,Task,Connect document list to API,Replace the frontend sample documents with real API data,Frontend,High,Planned,FOLIO-S024,Document list shows loading empty error retry and real data states,frontend/src/components/FolioApp.tsx
FOLIO-S026,Epic,Secure file upload,Let students upload private files safely,Backend,Highest,Planned,FOLIO-S024,Supported files are private and only the correct user can open them,docs/PRD.md; docs/BACKEND.md
FOLIO-S027,Task,Add upload URL API,Create an API that gives the browser a short-lived upload URL,Backend,Highest,Planned,FOLIO-S026,The URL expires and cannot be used for a different user or file,docs/BACKEND.md
FOLIO-S028,Task,Add file type and size checks,Accept PDF DOCX JPG and PNG and reject unsupported or oversized files,Security,Highest,Planned,FOLIO-S027,Invalid files are rejected with a clear safe error,docs/PRD.md
FOLIO-S029,Task,Check the real file type,Check file contents instead of trusting only the file extension,Security,Highest,Planned,FOLIO-S028,A file with a fake extension is rejected,docs/BACKEND.md
FOLIO-S030,Task,Add malware scanning step,Send each uploaded file through a malware scan before processing,Security,Highest,Planned,FOLIO-S029,Malware-positive files never reach OCR or extraction,docs/PRD.md
FOLIO-S031,Task,Save upload and checksum,Create the document record after upload and save a checksum,Backend,High,Planned,FOLIO-S027,Missing files wrong checksums and repeated completions are handled safely,docs/BACKEND.md
FOLIO-S032,Task,Add secure preview and download,Give authorized users short-lived links to view or download their files,Backend,Highest,Planned,FOLIO-S031,Expired and unauthorized links do not work,docs/BACKEND.md
FOLIO-S033,Task,Connect upload window to API,Replace the simulated upload in the frontend with the real upload flow,Frontend,High,Planned,FOLIO-S031,Upload progress retry and processing status are shown,frontend/src/components/FolioApp.tsx
FOLIO-S034,Task,Test secure uploads,Test bad files malware files expired links duplicate uploads and two-user access,Testing,Highest,Planned,FOLIO-S032,All upload security tests pass,docs/DEVELOPMENT.md
FOLIO-S035,Epic,Document processing,Process uploaded documents and show progress,Backend,Highest,Planned,FOLIO-S031,An uploaded test document reaches ready or review-required status,docs/BACKEND.md; docs/ROADMAP.md
FOLIO-S036,Task,Add processing statuses,Add the statuses uploaded scanning OCR classifying extracting indexing ready review-required and failed,Backend,High,Planned,FOLIO-S035,Only valid status changes are allowed and every attempt is recorded,docs/BACKEND.md
FOLIO-S037,Task,Add processing queue,Create jobs for each processing stage,Backend,High,Planned,FOLIO-S036,Jobs can be picked up by a worker and are not processed twice,docs/BACKEND.md
FOLIO-S038,Task,Add retries and failed jobs,Retry temporary failures and record permanent failures safely,Backend,High,Planned,FOLIO-S037,Worker restarts and failed jobs do not lose document metadata,docs/BACKEND.md
FOLIO-S039,Task,Add processing status API,Create an API that reports current processing stage progress and safe error messages,Backend,High,Planned,FOLIO-S036,The frontend can poll the status without seeing sensitive data,docs/FRONTEND.md
FOLIO-S040,Task,Show processing progress in frontend,Connect document details and upload flow to processing status,Frontend,High,Planned,FOLIO-S039,Users see progress success failure retry and review-required states,frontend/src/components/FolioApp.tsx
FOLIO-S041,Task,Test processing recovery,Test duplicate jobs worker restart timeout retry exhaustion and poison jobs,Testing,High,Planned,FOLIO-S038,Processing tests pass and no duplicate results are created,docs/DEVELOPMENT.md
FOLIO-S042,Epic,OCR and document understanding,Read documents and extract useful information with source references,AI Processing,High,Planned,FOLIO-S035,Test documents produce text type summary facts and confidence values,docs/ROADMAP.md
FOLIO-S043,Task,Connect OCR service,Add a provider interface for reading text from normal and scanned documents,AI Processing,High,Planned,FOLIO-S042,The OCR provider can be changed without rewriting the rest of the app,docs/BACKEND.md
FOLIO-S044,Task,Classify document type,Identify NSFAS bursary fee bank appeal or unknown documents,AI Processing,High,Planned,FOLIO-S043,The result includes a type confidence score and parser version,docs/ROADMAP.md
FOLIO-S045,Task,Extract important facts,Extract amounts dates conditions institutions actions and funding status,AI Processing,Highest,Planned,FOLIO-S044,Each fact includes confidence page number and text location,docs/PRD.md; docs/BACKEND.md
FOLIO-S046,Task,Create document summary,Create a plain-language summary from extracted information,AI Processing,High,Planned,FOLIO-S045,Summary claims link to source evidence and missing information is clearly shown,docs/PRD.md
FOLIO-S047,Task,Mark uncertain results for review,Send low-confidence documents or facts to a review-required state,AI Processing,High,Planned,FOLIO-S045,Uncertain results are not presented as confirmed facts,docs/ROADMAP.md
FOLIO-S048,Task,Create extraction test documents,Make synthetic examples for NSFAS bursary fee bank appeal clean PDF and scanned PDF,Testing,High,Planned,FOLIO-S043,The test set contains no real student documents,docs/ROADMAP.md
FOLIO-S049,Task,Measure extraction quality,Measure how often extracted types facts and dates are correct,Testing,Medium,Planned,FOLIO-S048,The project has a report showing accuracy speed and cost by document type,docs/ROADMAP.md
FOLIO-S050,Task,Show real extracted data,Replace simulated document details with OCR and extraction results,Frontend,High,Planned,FOLIO-S045,Users can open each fact's source page or passage,frontend/src/components/FolioApp.tsx
FOLIO-S051,Epic,Ask questions safely,Answer questions only from documents the current user may access,AI Processing,Highest,Planned,FOLIO-S020,Every answer has a source or clearly says Folio cannot answer,docs/PRD.md; docs/BACKEND.md
FOLIO-S052,Task,Split text into searchable chunks,Split document text into page-aware searchable pieces,AI Processing,High,Planned,FOLIO-S043,Each chunk stores document page owner and version information,docs/BACKEND.md
FOLIO-S053,Task,Add document search,Search document titles facts and authorized text,Backend,High,Planned,FOLIO-S052,Search never returns another user's or deleted document text,docs/PRD.md
FOLIO-S054,Task,Add authorized retrieval,Apply user institution sharing and retention checks before searching,Security,Highest,Planned,FOLIO-S053,Unauthorized and revoked content is excluded every time,docs/BACKEND.md
FOLIO-S055,Task,Create question API,Build an API that receives a question and returns an answer with sources and confidence,Backend,Highest,Planned,FOLIO-S054,The response includes answer status citations confidence and safe errors,docs/BACKEND.md
FOLIO-S056,Task,Check answer citations,Reject answers when a cited passage was not actually retrieved,Security,Highest,Planned,FOLIO-S055,Answers with fake or missing citations are rejected,docs/BACKEND.md
FOLIO-S057,Task,Add cannot-answer responses,Return a clear response when evidence is missing conflicting old or too uncertain,AI Processing,High,Planned,FOLIO-S056,The system does not guess when evidence is insufficient,docs/PRD.md
FOLIO-S058,Task,Connect Ask screen to API,Replace simulated answers with real answers sources loading errors and feedback,Frontend,High,Planned,FOLIO-S055,Users can ask questions open sources see cannot-answer responses and rate answers,frontend/src/components/FolioApp.tsx
FOLIO-S059,Task,Test question security,Test cross-user questions revoked sharing prompt injection fake citations and empty search results,Testing,Highest,Planned,FOLIO-S056,All security tests fail closed,docs/BACKEND.md
FOLIO-S060,Epic,Deadlines and reminders,Turn dates and actions in documents into manageable student tasks,Deadlines,High,Planned,FOLIO-S045,Students can review edit complete dismiss and later receive reminders,docs/PRD.md; docs/ROADMAP.md
FOLIO-S061,Task,Find deadline candidates,Find actions dates timezones and confidence values in extracted documents,Backend,High,Planned,FOLIO-S045,Each candidate points to the source document and page,docs/BACKEND.md
FOLIO-S062,Task,Build deadline update API,Allow students to confirm edit dismiss complete and restore a deadline,Backend,High,Planned,FOLIO-S061,Changes are saved safely and original extracted evidence stays available,docs/PRD.md
FOLIO-S063,Task,Connect deadlines to frontend,Replace simulated deadline actions with real API data,Frontend,High,Planned,FOLIO-S062,Timeline shows loading error empty upcoming overdue and completed states,frontend/src/components/FolioApp.tsx
FOLIO-S064,Task,Add reminder settings,Allow students to choose whether and when reminders are sent,Backend,High,Planned,FOLIO-S062,No reminder is sent unless the student opted in and confirmed the deadline,docs/PRD.md
FOLIO-S065,Task,Test deadlines and reminders,Test editing completion duplicate reminders timezones and opt-out,Testing,High,Planned,FOLIO-S064,Deadline and reminder tests pass,docs/ROADMAP.md
FOLIO-S066,Epic,Sharing privacy and audit,Allow limited sharing and give students control over their data,Privacy,Highest,Planned,FOLIO-S022,Sharing export deletion and audit features work with synthetic data,docs/PRD.md; docs/BACKEND.md
FOLIO-S067,Task,Create sharing permission API,Let a student share selected documents or summaries with a named staff member for a purpose and expiry,Backend,Highest,Planned,FOLIO-S022,Staff access is limited to the selected scope and expiry date,docs/PRD.md
FOLIO-S068,Task,Add revoke sharing,Let students revoke access immediately,Backend,Highest,Planned,FOLIO-S067,Revoked access fails on the next request and the event is audited,docs/PRD.md
FOLIO-S069,Task,Build staff read-only view,Create a staff page that only shows data covered by active sharing permission,Frontend,High,Planned,FOLIO-S067,Staff cannot search download or view anything outside the permission,docs/ROADMAP.md
FOLIO-S070,Task,Build audit event service,Record views uploads downloads questions sharing exports deletion and security events,Backend,Highest,Planned,FOLIO-S022,Events include who what when result and request ID without raw document text,docs/BACKEND.md
FOLIO-S071,Task,Connect audit screen to API,Replace simulated audit entries with searchable server audit events,Frontend,High,Planned,FOLIO-S070,Users see only the audit events they are allowed to see,frontend/src/components/FolioApp.tsx
FOLIO-S072,Task,Build data export,Allow a student to request a copy of their Folio data,Backend,High,Planned,FOLIO-S022,The export includes authorized metadata documents extracted data sharing history and audit data,docs/PRD.md
FOLIO-S073,Task,Build data deletion request,Allow a student to request deletion of documents and derived search data,Backend,Highest,Planned,FOLIO-S022,Deletion removes source and searchable derived data while keeping required audit records,docs/PRD.md
FOLIO-S074,Task,Hide sensitive information from logs,Ensure passwords tokens document contents prompts and answers are not written to normal logs,Security,Highest,Planned,FOLIO-S070,Automated tests show sensitive values are redacted,docs/BACKEND.md; docs/DEVELOPMENT.md
FOLIO-S075,Task,Test privacy and access,Test sharing expiry revocation export deletion and cross-user access,Testing,Highest,Planned,FOLIO-S073,All privacy tests pass and unauthorized access is blocked,docs/BACKEND.md
FOLIO-S076,Epic,Testing and release,Prepare Folio for a safe student pilot,Release,Highest,Planned,FOLIO-S075,The main student journey works and the release decision is documented,docs/ROADMAP.md; docs/progress.md
FOLIO-S077,Task,Run full student journey test,Test login upload processing document view question deadline sharing export and deletion,Testing,Highest,Planned,FOLIO-S075,The complete journey passes with synthetic data,docs/DEVELOPMENT.md
FOLIO-S078,Task,Add health and monitoring,Track API errors processing failures queue size response time storage and AI cost,Operations,High,Planned,FOLIO-S038,Operators can see failures without seeing private document contents,docs/BACKEND.md; docs/RAILWAY.md
FOLIO-S079,Task,Write backup and incident guides,Write simple instructions for restoring data handling provider outages compromised links and POPIA requests,Operations,High,Planned,FOLIO-S078,Each guide has steps owner checks and rollback instructions,docs/BACKEND.md; docs/RAILWAY.md
FOLIO-S080,Task,Check Railway deployment,Deploy the frontend backend and database and verify their health,Operations,High,Planned,FOLIO-S079,Build succeeds health endpoint works migrations run and no secrets appear in logs,docs/RAILWAY.md; README.md
FOLIO-S081,Task,Update project progress,Record completed work test evidence blockers and next tasks in the progress document,Documentation,Medium,Planned,FOLIO-S077,docs/progress.md matches the actual repository state,docs/progress.md
FOLIO-S082,Task,Run pilot readiness meeting,Review security privacy support costs rollback and unresolved decisions before real student data,Release,Highest,Planned,FOLIO-S077; FOLIO-S080,The team records an approve or block decision and assigns owners to risks,docs/ROADMAP.md; docs/DEVELOPMENT.md
